Function Name,Inclusive Samples,Exclusive Samples,Inclusive Samples %,Exclusive Samples %,
"[ntdll.dll]","3,80,240","2,42,181",99.60,63.44,
"[Microsoft.Quantum.Simulator.Runtime.dll]","77,877","46,848",20.40,12.27,
"[coreclr.dll]","1,50,129","46,352",39.33,12.14,
"[Unknown]","1,51,591","22,213",39.71,5.82,
"[KernelBase.dll]","2,18,781","7,255",57.31,1.90,
"[vcomp140.dll]","2,34,004","5,629",61.30,1.47,
"[kernel32.dll]","3,80,234","5,275",99.60,1.38,
"Microsoft.Quantum.Simulation.Core.Extensions.GetQubits","9,848",470,2.58,0.12,
"Microsoft.Quantum.Simulation.Core.GetQubitsHelper.GetQubitsFromTuple","39,302",372,10.30,0.10,
"Microsoft.Quantum.Simulation.Simulators.SimulatorBase.Get","3,497",320,0.92,0.08,
"[clrjit.dll]",412,256,0.11,0.07,
"Microsoft.Quantum.Simulation.Core.Extensions.JoinArrays","5,688",209,1.49,0.05,
"Microsoft.Quantum.Simulation.Core.GetQubitsHelper.CanHaveQubitsSimple",716,137,0.19,0.04,
"Microsoft.Quantum.Simulation.Core.Qubit.GetQubits",843,120,0.22,0.03,
"Microsoft.Quantum.Simulation.Common.QubitManagerTrackingScope.OnOperationStart",508,108,0.13,0.03,
"Microsoft.Quantum.Primitive.RFrac.<get_ControlledAdjointBody>b__17_0","38,144",107,9.99,0.03,
"Microsoft.Quantum.Simulation.Core.GetQubitsHelper.GetToQubitArrayMap","2,656",99,0.70,0.03,
"Microsoft.Quantum.Primitive.RFrac.<get_ControlledBody>b__15_0","37,463",96,9.81,0.03,
"Microsoft.Quantum.Simulation.Simulators.SimulatorBase.StartOperation","49,616",92,13.00,0.02,
"[ucrtbase.dll]",107,90,0.03,0.02,
"Microsoft.Quantum.Primitive.R1Frac.<get_ControlledAdjointBody>b__13_0","44,146",88,11.56,0.02,
"dynamicClass.IL_STUB_PInvoke","46,613",83,12.21,0.02,
"Microsoft.Quantum.Simulation.Core.QArray`1[System.__Canon].op_Addition","4,979",73,1.30,0.02,
"System.Linq.Enumerable.Select",577,69,0.15,0.02,
"Microsoft.Quantum.Simulation.Core.PartialMapper.CastTuple","1,828",68,0.48,0.02,
"Microsoft.Quantum.Simulation.Simulators.AbstractFactory`1[System.__Canon].GetInstance","1,457",67,0.38,0.02,
"Microsoft.Quantum.Canon.ApproximateQFT.<get_AdjointBody>b__15_0","41,442",63,10.86,0.02,
"Microsoft.Quantum.Simulation.Simulators.SimulatorBase.EndOperation",376,62,0.10,0.02,
"Microsoft.Quantum.Simulation.Core.Extensions.Pow",58,58,0.02,0.02,
"Microsoft.Quantum.Primitive.R1Frac.<get_ControlledBody>b__11_0","43,423",56,11.37,0.01,
"Microsoft.Quantum.Simulation.Core.AbstractOperation.get_Factory",54,54,0.01,0.01,
"Microsoft.Quantum.Simulation.Core.Range+<GetEnumerator>d__12.MoveNext",54,54,0.01,0.01,
"Microsoft.Quantum.Simulation.Core.TypeExtensions.IsTuple",430,54,0.11,0.01,
"Microsoft.Quantum.Simulation.Simulators.QuantumSimulator+QSimR.<get_ControlledAdjointBody>b__13_0","24,065",52,6.30,0.01,
"Microsoft.Quantum.Simulation.Core.ControlledOperation`2[System.ValueTuple`4[Microsoft.Quantum.Simulation.Core.Pauli,System.Int64,System.Int64,System.__Canon],System.__Canon].get_Body",49,49,0.01,0.01,
"Microsoft.Quantum.Simulation.Core.Operation`2[System.ValueTuple`2[System.__Canon,System.ValueTuple`3[System.Int64,System.Int64,System.__Canon]],System.__Canon].Apply","1,46,490",49,38.37,0.01,
"Microsoft.Quantum.Simulation.Simulators.QuantumSimulator+QSimR.<get_ControlledBody>b__11_0","47,546",49,12.45,0.01,
"Microsoft.Quantum.Simulation.Core.Operation`2[System.__Canon,System.Double].Apply",81,48,0.02,0.01,
"Microsoft.Quantum.Canon.ApproximateQFT.<get_Body>b__13_0","40,767",46,10.68,0.01,
"Microsoft.Quantum.Simulation.Core.Operation`2[System.Int64,System.Double].Microsoft.Quantum.Simulation.Core.ICallable.Apply",243,46,0.06,0.01,
"Microsoft.Quantum.Simulation.Core.Operation`2[System.ValueTuple`2[System.__Canon,System.ValueTuple`3[Microsoft.Quantum.Simulation.Core.Pauli,System.Double,System.__Canon]],System.__Canon].Apply","47,799",45,12.52,0.01,
"Microsoft.Quantum.Simulation.Common.QubitManagerTrackingScope.OnOperationEnd",329,39,0.09,0.01,
"Microsoft.Quantum.Simulation.Core.Unitary`1[System.ValueTuple`3[System.Int64,System.Int64,System.__Canon]].Microsoft.Quantum.Simulation.Core.IUnitary<I>.get_Controlled",39,39,0.01,0.01,
"Microsoft.Quantum.Simulation.Core.Operation`2[System.ValueTuple`2[System.__Canon,System.ValueTuple`4[Microsoft.Quantum.Simulation.Core.Pauli,System.Int64,System.Int64,System.__Canon]],System.__Canon].Apply","75,814",38,19.86,0.01,
"Microsoft.Quantum.Simulation.Core.ControlledOperation`2[System.ValueTuple`3[Microsoft.Quantum.Simulation.Core.Pauli,System.Double,System.__Canon],System.__Canon].get_Body",37,37,0.01,0.01,
"Microsoft.Quantum.Simulation.Core.GenericOperation.Resolve","1,511",37,0.40,0.01,
"Microsoft.Quantum.Simulation.Core.GetQubitsHelper+<>c.<MakeGetQubitsFunctionsDictionary>b__0_2",37,37,0.01,0.01,
"Microsoft.Quantum.Simulation.Core.TypeExtensions.Normalize","2,873",35,0.75,0.01,
"Microsoft.Quantum.Simulation.Simulators.Extensions.GetIds",658,35,0.17,0.01,
"Microsoft.Quantum.Simulation.Simulators.QuantumSimulator+QSimR+<>c__DisplayClass11_0.<get_ControlledBody>b__2","46,651",33,12.22,0.01,
"Microsoft.Quantum.Primitive.CNOT.<get_Body>b__7_0","16,193",32,4.24,0.01,
"Microsoft.Quantum.Primitive.RFrac.get_MicrosoftQuantumExtensionsMathPI",107,32,0.03,0.01,
"Microsoft.Quantum.Simulation.Core.GenericOperation.Apply","89,377",30,23.41,0.01,
"Microsoft.Quantum.Simulation.Core.Operation`2[System.ValueTuple`2[System.__Canon,System.ValueTuple`3[System.Int64,System.Int64,System.__Canon]],System.__Canon].Microsoft.Quantum.Simulation.Core.ICallable<I,O>.Apply","1,46,490",30,38.37,0.01,
"Microsoft.Quantum.Simulation.Core.Operation`2[System.ValueTuple`2[System.__Canon,System.__Canon],System.__Canon].Apply","1,39,813",29,36.62,0.01,
"Microsoft.Quantum.Simulation.Simulators.QuantumSimulator.SafeControlled",879,29,0.23,0.01,
"Microsoft.Quantum.Primitive.R1Frac.get_RFrac",149,27,0.04,0.01,
"Microsoft.Quantum.Simulation.Core.Operation`2[System.Int64,System.Double].Apply",60,26,0.02,0.01,
"Microsoft.Quantum.Canon.IntegerIncrementPhaseLE.<get_ControlledAdjointBody>b__13_0","13,772",25,3.61,0.01,
"Microsoft.Quantum.Extensions.Convert.Native+ToDouble.get_Body",34,25,0.01,0.01,
"Microsoft.Quantum.Simulation.Core.Operation`2[System.ValueTuple`2[System.__Canon,System.__Canon],System.__Canon].Microsoft.Quantum.Simulation.Core.ICallable<I,O>.Apply","91,784",25,24.04,0.01,
"Microsoft.Quantum.Simulation.Core.Operation`2[System.ValueTuple`2[System.__Canon,System.ValueTuple`3[Microsoft.Quantum.Simulation.Core.Pauli,System.Double,System.__Canon]],System.__Canon].Microsoft.Quantum.Simulation.Core.ICallable<I,O>.Apply","47,829",25,12.53,0.01,
"System.ValueTuple`3[System.Int64,System.Int64,System.__Canon]..ctor",34,25,0.01,0.01,
"Microsoft.Quantum.Simulation.Core.Operation`2[System.__Canon,System.Double].Microsoft.Quantum.Simulation.Core.ICallable.Apply",182,24,0.05,0.01,
"System.Linq.Enumerable.ToArray",67,24,0.02,0.01,
"Microsoft.Quantum.Extensions.Math.Native+PI.get_Body",33,23,0.01,0.01,
"Microsoft.Quantum.Simulation.Core.GenericOperation.FindClosedType","1,040",23,0.27,0.01,
"Microsoft.Quantum.Simulation.Core.TypeExtensions.IsAdjointable",81,23,0.02,0.01,
"System.Linq.Enumerable+SelectListIterator`2[System.__Canon,System.UInt32].ToArray",117,23,0.03,0.01,
"Microsoft.Quantum.Primitive.RFrac.get_MicrosoftQuantumExtensionsConvertToDouble",242,22,0.06,0.01,
"Microsoft.Quantum.Simulation.Core.AdjointedOperation`2[System.__Canon,System.__Canon].get_Body",22,22,0.01,0.01,
"Microsoft.Quantum.Simulation.Core.TypeExtensions.IsUnitary",88,22,0.02,0.01,
"Microsoft.Quantum.Simulation.Core.Unitary`1[System.ValueTuple`4[Microsoft.Quantum.Simulation.Core.Pauli,System.Int64,System.Int64,System.__Canon]].Microsoft.Quantum.Simulation.Core.IUnitary<I>.get_Adjoint",22,22,0.01,0.01,
"Microsoft.Quantum.Simulation.Core.AdjointedOperation`2[System.ValueTuple`2[System.__Canon,System.ValueTuple`3[System.Int64,System.Int64,System.__Canon]],System.__Canon].get_Body",21,21,0.01,0.01,
"Microsoft.Quantum.Canon.ApproximateQFT.get_MicrosoftQuantumPrimitiveR1Frac",221,20,0.06,0.01,
"Microsoft.Quantum.Canon.IntegerIncrementPhaseLE.<get_ControlledBody>b__11_0","14,070",20,3.69,0.01,
"Microsoft.Quantum.Simulation.Core.TypeExtensions.IsCallable",106,20,0.03,0.01,
"dynamicClass.IL_STUB_PInvoke","13,736",19,3.60,0.00,
"Microsoft.Quantum.Simulation.Core.ControlledOperation`2[System.ValueTuple`3[System.Int64,System.Int64,System.__Canon],System.__Canon].get_Body",19,19,0.00,0.00,
"Microsoft.Quantum.Simulation.Core.Unitary`1[System.ValueTuple`3[Microsoft.Quantum.Simulation.Core.Pauli,System.Double,System.__Canon]].Microsoft.Quantum.Simulation.Core.IUnitary<I>.get_Controlled",19,19,0.00,0.00,
"Microsoft.Quantum.Simulation.Core.Operation`2[System.__Canon,System.__Canon].Apply",149,18,0.04,0.00,
"Microsoft.Quantum.Simulation.Core.Unitary`1[System.ValueTuple`3[Microsoft.Quantum.Simulation.Core.Pauli,System.Double,System.__Canon]].Microsoft.Quantum.Simulation.Core.IUnitary<I>.get_Adjoint",18,18,0.00,0.00,
"Microsoft.Quantum.Simulation.Core.Unitary`1[System.ValueTuple`4[Microsoft.Quantum.Simulation.Core.Pauli,System.Int64,System.Int64,System.__Canon]].Microsoft.Quantum.Simulation.Core.IUnitary<I>.get_Controlled",18,18,0.00,0.00,
"Microsoft.Quantum.Simulation.Simulators.QuantumSimulator+QSimR.get_ControlledBody",61,18,0.02,0.00,
"Microsoft.Quantum.Simulation.Common.QubitManager.get_DisableBorrowing",17,17,0.00,0.00,
"Microsoft.Quantum.Simulation.Simulators.QuantumSimulator+QSimH.get_Body",25,17,0.01,0.00,
"Microsoft.Quantum.Canon.ModularIncrementPhaseLE.<get_ControlledAdjointBody>b__31_0","64,732",16,16.96,0.00,
"Microsoft.Quantum.Canon.SwapReverseRegister.<get_Body>b__7_0","11,167",16,2.93,0.00,
"Microsoft.Quantum.Simulation.Core.GenericOperation.FindClosedType","1,489",16,0.39,0.00,
"Microsoft.Quantum.Simulation.Core.PartialMapper+<>c__DisplayClass8_0`2[System.__Canon,System.ValueTuple`2[System.__Canon,System.__Canon]].<Create>b__0","4,216",16,1.10,0.00,
"Microsoft.Quantum.Simulation.Core.QArray`1[System.__Canon].get_Item",16,16,0.00,0.00,
"Microsoft.Quantum.Simulation.Core.Operation`2[System.__Canon,System.__Canon].Microsoft.Quantum.Simulation.Core.ICallable.Apply","1,00,586",15,26.35,0.00,
"Microsoft.Quantum.Simulation.Core.Operation`2[System.__Canon,System.__Canon].Microsoft.Quantum.Simulation.Core.ICallable.Apply",937,15,0.25,0.00,
"Microsoft.Quantum.Simulation.Core.Unitary`1[System.__Canon].Microsoft.Quantum.Simulation.Core.IUnitary<I>.get_Adjoint",15,15,0.00,0.00,
"Microsoft.Quantum.Canon.IntegerIncrementPhaseLE.get_MicrosoftQuantumPrimitiveR1Frac",124,14,0.03,0.00,
"Microsoft.Quantum.Simulation.Core.GenericOperation.FindClosedType",429,14,0.11,0.00,
"Microsoft.Quantum.Simulation.Core.GetQubitsHelper+<>c.<MakeGetQubitsFunctionsDictionary>b__0_3",14,14,0.00,0.00,
"Microsoft.Quantum.Simulation.Core.Operation`2[System.__Canon,System.__Canon].Microsoft.Quantum.Simulation.Core.ICallable<I,O>.Apply",14,14,0.00,0.00,
"Microsoft.Quantum.Simulation.Core.Operation`2[System.ValueTuple`2[System.__Canon,System.ValueTuple`4[Microsoft.Quantum.Simulation.Core.Pauli,System.Int64,System.Int64,System.__Canon]],System.__Canon].Microsoft.Quantum.Simulation.Core.ICallable<I,O>.Apply","75,831",14,19.86,0.00,
"Microsoft.Quantum.Canon.AssertBoolEqual.<get_Body>b__5_0","1,891",13,0.50,0.00,
"Microsoft.Quantum.Canon.ModularIncrementPhaseLE.<get_ControlledBody>b__29_0","64,641",13,16.93,0.00,
"Microsoft.Quantum.Simulation.Core.GenericOperation.CreateOperation","2,676",13,0.70,0.00,
"Microsoft.Quantum.Simulation.Core.GetQubitsHelper+<>c.<MakeGetQubitsFunctionsDictionary>b__0_4",13,13,0.00,0.00,
"Microsoft.Quantum.Simulation.Core.TypeExtensions.IsQubit",28,13,0.01,0.00,
"Microsoft.Quantum.Simulation.Core.GenericOperation.CreateOperation","1,819",12,0.48,0.00,
"Microsoft.Quantum.Simulation.Core.PartialMapper.GetTupleValues",983,12,0.26,0.00,
"Microsoft.Quantum.Primitive.RFrac.get_R",87,11,0.02,0.00,
"Microsoft.Quantum.Simulation.Core.PartialApplication`3[System.__Canon,System.ValueTuple`2[System.__Canon,System.__Canon],System.__Canon].GetQubits",11,11,0.00,0.00,
"Microsoft.Quantum.Simulation.Core.TypeExtensions.IsControllable",92,11,0.02,0.00,
"Microsoft.Quantum.Simulation.Simulators.QuantumSimulator+QSimH+<>c.<get_Body>b__7_0","7,615",11,1.99,0.00,
"System.ValueTuple`2[System.__Canon,System.ValueTuple`3[System.Int64,System.Int64,System.__Canon]]..ctor",18,11,0.00,0.00,
"Microsoft.Quantum.Canon.ApproximateQFT.get_MicrosoftQuantumPrimitiveH",154,10,0.04,0.00,
"Microsoft.Quantum.Primitive.SWAP.get_CNOT",37,10,0.01,0.00,
"Microsoft.Quantum.Simulation.Core.AdjointedOperation`2[System.ValueTuple`4[Microsoft.Quantum.Simulation.Core.Pauli,System.Int64,System.Int64,System.__Canon],System.__Canon].get_ControlledBody",10,10,0.00,0.00,
"Microsoft.Quantum.Simulation.Core.ControlledOperation`2[System.__Canon,System.__Canon].get_Body",10,10,0.00,0.00,
"Microsoft.Quantum.Simulation.Core.Unitary`1[System.ValueTuple`2[System.__Canon,System.ValueTuple`3[System.Int64,System.Int64,System.__Canon]]].Microsoft.Quantum.Simulation.Core.IUnitary<I>.get_Adjoint",10,10,0.00,0.00,
"Microsoft.Quantum.Canon.Reverse`1[System.__Canon].<get_Body>b__5_0",229,9,0.06,0.00,
"Microsoft.Quantum.Canon.Snd`2[System.Int64,System.Int64].<get_Body>b__5_0",698,9,0.18,0.00,
"Microsoft.Quantum.Primitive.RFrac.get_ControlledBody",61,9,0.02,0.00,
"Microsoft.Quantum.Primitive.SWAP.<get_Body>b__7_0","10,932",9,2.86,0.00,
"Microsoft.Quantum.Simulation.Core.AdjointedOperation`2[System.ValueTuple`3[Microsoft.Quantum.Simulation.Core.Pauli,System.Double,System.__Canon],System.__Canon].get_ControlledBody",9,9,0.00,0.00,
"Microsoft.Quantum.Simulation.Core.PartialApplication`3[System.__Canon,System.ValueTuple`2[System.__Canon,System.__Canon],System.__Canon].get_Body",9,9,0.00,0.00,
"Microsoft.Quantum.Simulation.Core.PartialMapper+<Combine>d__7.MoveNext",167,9,0.04,0.00,
"Microsoft.Quantum.Canon.ApplyReversedOpBigEndianCA.<get_AdjointBody>b__11_0","42,945",8,11.25,0.00,
"Microsoft.Quantum.Canon.AsQubitArray.<get_Body>b__5_0",218,8,0.06,0.00,
"Microsoft.Quantum.Extensions.Math.Native+PI+<>c.<get_Body>b__2_0",8,8,0.00,0.00,
"Microsoft.Quantum.Simulation.Core.Operation`2[System.ValueTuple`3[System.__Canon,System.__Canon,System.__Canon],System.__Canon].Microsoft.Quantum.Simulation.Core.ICallable.Apply","87,421",8,22.90,0.00,
"Microsoft.Quantum.Simulation.Core.PartialApplication`3[System.__Canon,System.ValueTuple`2[System.__Canon,System.__Canon],System.__Canon].<get_AdjointBody>b__14_0","46,105",8,12.08,0.00,
"Microsoft.Quantum.Simulation.Core.PartialMapper.BuildTuple",412,8,0.11,0.00,
"Microsoft.Quantum.Canon.ApplyReversedOpBigEndianCA.get_Reverse",25,7,0.01,0.00,
"Microsoft.Quantum.Canon.ApproximateQFT.get_AssertBoolEqual",70,7,0.02,0.00,
"Microsoft.Quantum.Canon.CopyMostSignificantBitLE.<get_AdjointBody>b__13_0","4,215",7,1.10,0.00,
"Microsoft.Quantum.Canon.Reverse`1[System.__Canon].get_Body",11,7,0.00,0.00,
"Microsoft.Quantum.Canon.WithA`1[System.__Canon].<get_AdjointBody>b__7_0","43,843",7,11.48,0.00,
"Microsoft.Quantum.Primitive.R1Frac.get_ControlledBody",19,7,0.00,0.00,
"Microsoft.Quantum.Primitive.RFrac.<get_Body>b__11_0","2,482",7,0.65,0.00,
"Microsoft.Quantum.Simulation.Core.ControlledOperation`2[System.ValueTuple`2[System.Int64,System.__Canon],System.__Canon].get_Body",7,7,0.00,0.00,
"Microsoft.Quantum.Simulation.Core.GenericOperation.CreateOperation",754,7,0.20,0.00,
"Microsoft.Quantum.Simulation.Core.Operation`2[System.ValueTuple`2[System.Int64,System.__Canon],System.__Canon].Apply","87,610",7,22.95,0.00,
"Microsoft.Quantum.Simulation.Core.Range+<GetEnumerator>d__12.System.Collections.Generic.IEnumerator<System.Int64>.get_Current",7,7,0.00,0.00,
"[hostpolicy.dll]",133,6,0.03,0.00,
"Microsoft.Quantum.Canon.AssertBoolEqual.get_Body",21,6,0.01,0.00,
"Microsoft.Quantum.Canon.ExtendedGCD.<get_Body>b__11_0","6,003",6,1.57,0.00,
"Microsoft.Quantum.Canon.ModularAddProductPhaseLE.<get_ControlledAdjointBody>b__25_0","65,358",6,17.12,0.00,
"Microsoft.Quantum.Canon.SwapReverseRegister.get_MicrosoftQuantumPrimitiveSWAP",53,6,0.01,0.00,
"Microsoft.Quantum.Extensions.Convert.Native+ToDouble+<>c.<get_Body>b__2_0",6,6,0.00,0.00,
"Microsoft.Quantum.Primitive.RFrac.<get_AdjointBody>b__13_0","2,201",6,0.58,0.00,
"Microsoft.Quantum.Simulation.Core.AdjointedOperation`2[System.__Canon,System.__Canon].get_AdjointBody",6,6,0.00,0.00,
"Microsoft.Quantum.Simulation.Core.GenericOperation.Apply","5,863",6,1.54,0.00,
"Microsoft.Quantum.Simulation.Core.Operation`2[System.__Canon,System.__Canon].<.ctor>b__2_0",14,6,0.00,0.00,
"Microsoft.Quantum.Simulation.Core.Operation`2[System.ValueTuple`2[System.__Canon,System.__Canon],System.__Canon].FindPartialType",503,6,0.13,0.00,
"Microsoft.Quantum.Simulation.Core.Operation`2[System.ValueTuple`2[System.__Canon,System.ValueTuple`2[System.Int64,System.__Canon]],System.__Canon].Apply","1,49,459",6,39.15,0.00,
"Microsoft.Quantum.Simulation.Core.Operation`2[System.ValueTuple`2[System.Int64,System.Int64],System.Int64].Microsoft.Quantum.Simulation.Core.ICallable.Apply","2,684",6,0.70,0.00,
"Microsoft.Quantum.Simulation.Core.PartialMapper+<>c.<GetTupleValues>b__5_0",6,6,0.00,0.00,
"Microsoft.Quantum.Simulation.Core.QArray`1[System.__Canon]..ctor",10,6,0.00,0.00,
"dynamicClass.IL_STUB_PInvoke","1,142",5,0.30,0.00,
"Microsoft.Quantum.Canon.CopyMostSignificantBitLE.get_Body",8,5,0.00,0.00,
"Microsoft.Quantum.Canon.QFT.<get_Body>b__7_0","40,837",5,10.70,0.00,
"Microsoft.Quantum.Canon.QFTLE.<get_Body>b__9_0","42,556",5,11.15,0.00,
"Microsoft.Quantum.Canon.QFTLE.get_ApplyReversedOpBigEndianCA",58,5,0.02,0.00,
"Microsoft.Quantum.Simulation.Core.AdjointedOperation`2[System.ValueTuple`2[System.Int64,System.__Canon],System.__Canon].get_Body",5,5,0.00,0.00,
"Microsoft.Quantum.Simulation.Core.GenericOperation.Microsoft.Quantum.Simulation.Core.ICallable.Apply",5,5,0.00,0.00,
"Microsoft.Quantum.Simulation.Core.Operation`2[System.__Canon,System.__Canon]..ctor",23,5,0.01,0.00,
"Microsoft.Quantum.Simulation.Core.Operation`2[System.ValueTuple`3[System.Boolean,System.Boolean,System.__Canon],System.__Canon].Apply","1,919",5,0.50,0.00,
"Microsoft.Quantum.Simulation.Core.Operation`2[System.ValueTuple`4[Microsoft.Quantum.Simulation.Core.Pauli,System.Int64,System.Int64,System.__Canon],System.__Canon].Apply","4,702",5,1.23,0.00,
"Microsoft.Quantum.Simulation.Core.PartialMapper+<>c.<CastTuple>b__1_0",5,5,0.00,0.00,
"Microsoft.Quantum.Simulation.Core.Range..ctor",5,5,0.00,0.00,
"Microsoft.Quantum.Simulation.Core.Range.GetEnumerator",25,5,0.01,0.00,
"Microsoft.Quantum.Simulation.Simulators.Extensions+<>c.<GetIds>b__0_0",5,5,0.00,0.00,
"Microsoft.Quantum.Simulation.Simulators.QuantumSimulator+QSimX.<get_ControlledBody>b__9_0","14,001",5,3.67,0.00,
"Microsoft.Quantum.Simulation.Simulators.QuantumSimulator+QSimX+<>c.<get_Body>b__7_0","1,729",5,0.45,0.00,
"Microsoft.Quantum.Canon.ApplyLEOperationOnPhaseLEA.get_WithA",19,4,0.00,0.00,
"Microsoft.Quantum.Canon.ApproximateQFT.get_SwapReverseRegister",41,4,0.01,0.00,
"Microsoft.Quantum.Canon.AsQubitArray.get_Body",7,4,0.00,0.00,
"Microsoft.Quantum.Canon.ExtendedGCD.get_Fst",19,4,0.00,0.00,
"Microsoft.Quantum.Canon.IntegerIncrementPhaseLE.<get_AdjointBody>b__9_0","2,529",4,0.66,0.00,
"Microsoft.Quantum.Canon.QFT.<get_AdjointBody>b__9_0","41,530",4,10.88,0.00,
"Microsoft.Quantum.Canon.Tail`1[System.__Canon].get_Body",6,4,0.00,0.00,
"Microsoft.Quantum.Primitive.R1Frac.<get_Body>b__7_0","2,755",4,0.72,0.00,
"Microsoft.Quantum.Simulation.Core.AbstractOperation.GetQubits",4,4,0.00,0.00,
"Microsoft.Quantum.Simulation.Core.AdjointedOperation`2[System.__Canon,System.__Canon].GetQubits",4,4,0.00,0.00,
"Microsoft.Quantum.Simulation.Core.AdjointedOperation`2[System.ValueTuple`2[System.__Canon,System.ValueTuple`2[System.Int64,System.__Canon]],System.__Canon].get_Body",4,4,0.00,0.00,
"Microsoft.Quantum.Simulation.Core.Operation`2[System.ValueTuple`2[System.__Canon,System.ValueTuple`2[System.Int64,System.__Canon]],System.__Canon].Microsoft.Quantum.Simulation.Core.ICallable<I,O>.Apply","27,878",4,7.30,0.00,
"Microsoft.Quantum.Simulation.Core.Operation`2[System.ValueTuple`3[Microsoft.Quantum.Simulation.Core.Pauli,System.Double,System.__Canon],System.__Canon].Apply","3,374",4,0.88,0.00,
"Microsoft.Quantum.Simulation.Core.Operation`2[System.ValueTuple`3[Microsoft.Quantum.Simulation.Core.Pauli,System.Double,System.__Canon],System.__Canon].Microsoft.Quantum.Simulation.Core.ICallable<I,O>.Apply","3,379",4,0.89,0.00,
"Microsoft.Quantum.Simulation.Core.Operation`2[System.ValueTuple`4[System.Int64,System.Int64,System.__Canon,System.__Canon],System.__Canon].FindPartialType",162,4,0.04,0.00,
"Microsoft.Quantum.Simulation.Core.Operation`2+<>c[System.ValueTuple`2[System.__Canon,System.__Canon],System.__Canon].<FindPartialType>b__21_0",4,4,0.00,0.00,
"Microsoft.Quantum.Simulation.Core.PartialApplication`3[System.__Canon,System.ValueTuple`2[System.__Canon,System.__Canon],System.__Canon].<get_Body>b__12_0","45,777",4,11.99,0.00,
"Microsoft.Quantum.Simulation.Core.PartialApplication`3[System.__Canon,System.ValueTuple`2[System.__Canon,System.__Canon],System.__Canon].get_AdjointBody",7,4,0.00,0.00,
"Microsoft.Quantum.Simulation.Core.PartialCapturedQubits`2[System.__Canon,System.ValueTuple`2[System.__Canon,System.__Canon]]..ctor",7,4,0.00,0.00,
"Microsoft.Quantum.Simulation.Core.Range+<GetEnumerator>d__12.System.IDisposable.Dispose",4,4,0.00,0.00,
"Microsoft.Quantum.Simulation.Core.TypeExtensions+<>c.<Normalize>b__10_0",4,4,0.00,0.00,
"Microsoft.Quantum.Simulation.Core.Unitary`1[System.__Canon].Microsoft.Quantum.Simulation.Core.IAdjointable.get_Adjoint",4,4,0.00,0.00,
"Microsoft.Quantum.Simulation.Core.Unitary`1[System.ValueTuple`2[System.__Canon,System.__Canon]].Microsoft.Quantum.Simulation.Core.IUnitary<I>.get_Adjoint",4,4,0.00,0.00,
"Microsoft.Quantum.Simulation.Simulators.QuantumSimulator+QSimR+<>c.<get_Body>b__7_0","3,354",4,0.88,0.00,
"Microsoft.Quantum.Simulation.Simulators.QuantumSimulator+QSimX+<>c__DisplayClass9_0.<get_ControlledBody>b__2",4,4,0.00,0.00,
"Microsoft.Quantum.Canon.ApplyReversedOpBigEndianCA.<get_Body>b__9_0","42,406",3,11.11,0.00,
"Microsoft.Quantum.Canon.BitSize.<get_Body>b__7_0",104,3,0.03,0.00,
"Microsoft.Quantum.Canon.CopyMostSignificantBitLE.<get_Body>b__11_0","4,238",3,1.11,0.00,
"Microsoft.Quantum.Canon.ExpMod.<get_Body>b__11_0","1,082",3,0.28,0.00,
"Microsoft.Quantum.Canon.ExtendedGCD.get_Snd",36,3,0.01,0.00,
"Microsoft.Quantum.Canon.IntegerIncrementPhaseLE.<get_Body>b__7_0","2,832",3,0.74,0.00,
"Microsoft.Quantum.Canon.QFTLE.<get_AdjointBody>b__11_0","43,034",3,11.27,0.00,
"Microsoft.Quantum.Canon.Tail`1[System.__Canon].<get_Body>b__7_0",432,3,0.11,0.00,
"Microsoft.Quantum.Canon.Tail`1[System.__Canon].get_AssertBoolEqual",19,3,0.00,0.00,
"Microsoft.Quantum.Canon.WithA`1[System.__Canon].<get_Body>b__5_0","43,556",3,11.41,0.00,
"Microsoft.Quantum.Primitive.CNOT.<get_ControlledBody>b__11_0",724,3,0.19,0.00,
"Microsoft.Quantum.Primitive.CNOT.get_Body",39,3,0.01,0.00,
"Microsoft.Quantum.Primitive.CNOT.get_X",36,3,0.01,0.00,
"Microsoft.Quantum.Primitive.R1Frac.get_ControlledAdjointBody",19,3,0.00,0.00,
"Microsoft.Quantum.Simulation.Core.AdjointedOperation`2[System.ValueTuple`3[System.Int64,System.Int64,System.__Canon],System.__Canon].get_ControlledBody",3,3,0.00,0.00,
"Microsoft.Quantum.Simulation.Core.ControlledOperation`2[System.ValueTuple`2[System.Int64,System.__Canon],System.__Canon].get_AdjointBody",3,3,0.00,0.00,
"Microsoft.Quantum.Simulation.Core.Operation`2[System.ValueTuple`2[System.__Canon,System.__Canon],System.__Canon].Partial",619,3,0.16,0.00,
"Microsoft.Quantum.Simulation.Core.Operation`2[System.ValueTuple`3[System.Boolean,System.Boolean,System.__Canon],System.__Canon].Microsoft.Quantum.Simulation.Core.ICallable<I,O>.Apply","1,926",3,0.50,0.00,
"Microsoft.Quantum.Simulation.Core.Operation`2[System.ValueTuple`3[System.Int64,System.Int64,System.__Canon],System.__Canon].Apply","5,224",3,1.37,0.00,
"Microsoft.Quantum.Simulation.Core.Operation`2[System.ValueTuple`4[Microsoft.Quantum.Simulation.Core.Pauli,System.Int64,System.Int64,System.__Canon],System.__Canon].Microsoft.Quantum.Simulation.Core.ICallable<I,O>.Apply","4,706",3,1.23,0.00,
"Microsoft.Quantum.Simulation.Core.PartialApplication`3[System.__Canon,System.ValueTuple`2[System.__Canon,System.__Canon],System.__Canon]..ctor",31,3,0.01,0.00,
"Microsoft.Quantum.Simulation.Core.PartialCapturedQubits`2+<>c__DisplayClass1_0[System.__Canon,System.ValueTuple`2[System.__Canon,System.__Canon]].<.ctor>b__0",875,3,0.23,0.00,
"Microsoft.Quantum.Simulation.Core.PartialMapper.Combine",8,3,0.00,0.00,
"Microsoft.Quantum.Simulation.Core.PartialMapper+<>c__DisplayClass8_0`2[System.__Canon,System.ValueTuple`4[System.Int64,System.Int64,System.__Canon,System.__Canon]].<Create>b__0",379,3,0.10,0.00,
"Microsoft.Quantum.Simulation.Core.Unitary`1[System.__Canon].Microsoft.Quantum.Simulation.Core.IUnitary<I>.get_Controlled",3,3,0.00,0.00,
"Microsoft.Quantum.Simulation.Core.Unitary`1[System.ValueTuple`2[System.Int64,System.__Canon]].Microsoft.Quantum.Simulation.Core.IUnitary<I>.get_Adjoint",3,3,0.00,0.00,
"Microsoft.Quantum.Simulation.Core.Unitary`1[System.ValueTuple`2[System.Int64,System.__Canon]].Microsoft.Quantum.Simulation.Core.IUnitary<I>.get_Controlled",3,3,0.00,0.00,
"Microsoft.Quantum.Simulation.Simulators.QuantumSimulator+QSimR.<get_AdjointBody>b__9_0","1,505",3,0.39,0.00,
"Microsoft.Quantum.Simulation.Simulators.QuantumSimulator+QSimR.get_Body",6,3,0.00,0.00,
"Microsoft.Quantum.Simulation.Simulators.SimulatorBase+Allocate.Apply",3,3,0.00,0.00,
"System.ValueTuple`3[System.Boolean,System.Boolean,System.__Canon]..ctor",3,3,0.00,0.00,
"[hostfxr.dll]",138,2,0.04,0.00,
"Microsoft.Quantum.Canon.ApplyLEOperationOnPhaseLEA.<get_Body>b__9_0","44,942",2,11.77,0.00,
"Microsoft.Quantum.Canon.ApplyPhaseLEOperationOnLECA.<get_ControlledAdjointBody>b__13_0","70,148",2,18.38,0.00,
"Microsoft.Quantum.Canon.ApplyReversedOpBigEndianCA.get_AsQubitArray",60,2,0.02,0.00,
"Microsoft.Quantum.Canon.ApplyReversedOpBigEndianCA.get_Body",4,2,0.00,0.00,
"Microsoft.Quantum.Canon.ApproximateQFT.get_Body",5,2,0.00,0.00,
"Microsoft.Quantum.Canon.BoolArrFromPositiveInt.<get_Body>b__7_0",263,2,0.07,0.00,
"Microsoft.Quantum.Canon.BoolArrFromPositiveInt.get_Body",3,2,0.00,0.00,
"Microsoft.Quantum.Canon.CopyMostSignificantBitLE.get_AdjointBody",4,2,0.00,0.00,
"Microsoft.Quantum.Canon.CopyMostSignificantBitLE.get_MicrosoftQuantumPrimitiveCNOT",14,2,0.00,0.00,
"Microsoft.Quantum.Canon.Fst`2[System.Int64,System.Int64].<get_Body>b__5_0",379,2,0.10,0.00,
"Microsoft.Quantum.Canon.ModularAddProductPhaseLE.<get_ControlledBody>b__23_0","65,247",2,17.09,0.00,
"Microsoft.Quantum.Canon.ModularIncrementPhaseLE.get_ApplyLEOperationOnPhaseLEA",16,2,0.00,0.00,
"Microsoft.Quantum.Canon.ModularMultiplyByConstantLE.<get_ControlledBody>b__23_0","1,46,487",2,38.37,0.00,
"Microsoft.Quantum.Canon.QFT.get_ApproximateQFT",36,2,0.01,0.00,
"Microsoft.Quantum.Canon.QFT.get_Body",2,2,0.00,0.00,
"Microsoft.Quantum.Canon.QFTLE.get_Body",8,2,0.00,0.00,
"Microsoft.Quantum.Canon.SwapReverseRegister.get_AdjointBody",4,2,0.00,0.00,
"Microsoft.Quantum.Canon.WithA`1[System.__Canon].get_AdjointBody",4,2,0.00,0.00,
"Microsoft.Quantum.Primitive.R1Frac.<get_AdjointBody>b__9_0","2,461",2,0.64,0.00,
"Microsoft.Quantum.Primitive.RFrac.get_Body",7,2,0.00,0.00,
"Microsoft.Quantum.Primitive.RFrac.get_ControlledAdjointBody",39,2,0.01,0.00,
"Microsoft.Quantum.Simulation.Common.QubitManager.Allocate",715,2,0.19,0.00,
"Microsoft.Quantum.Simulation.Common.QubitManager.Release","1,134",2,0.30,0.00,
"Microsoft.Quantum.Simulation.Core.AdjointedOperation`2[System.ValueTuple`2[System.__Canon,System.__Canon],System.__Canon].get_Body",2,2,0.00,0.00,
"Microsoft.Quantum.Simulation.Core.AdjointedOperation`2[System.ValueTuple`3[Microsoft.Quantum.Simulation.Core.Pauli,System.Double,System.__Canon],System.__Canon].get_Body",2,2,0.00,0.00,
"Microsoft.Quantum.Simulation.Core.AdjointedOperation`2[System.ValueTuple`3[System.__Canon,System.__Canon,System.__Canon],System.__Canon].get_Body",2,2,0.00,0.00,
"Microsoft.Quantum.Simulation.Core.ControlledOperation`2[System.ValueTuple`2[System.__Canon,System.__Canon],System.__Canon].get_Body",2,2,0.00,0.00,
"Microsoft.Quantum.Simulation.Core.GenericOperation..ctor",69,2,0.02,0.00,
"Microsoft.Quantum.Simulation.Core.Operation`2[System.__Canon,Microsoft.Quantum.Simulation.Core.Result].Microsoft.Quantum.Simulation.Core.ICallable.Apply",41,2,0.01,0.00,
"Microsoft.Quantum.Simulation.Core.Operation`2[System.Int64,System.Int64].Microsoft.Quantum.Simulation.Core.ICallable.Apply",126,2,0.03,0.00,
"Microsoft.Quantum.Simulation.Core.Operation`2[System.ValueTuple`2[System.__Canon,System.ValueTuple`2[System.__Canon,System.__Canon]],System.__Canon].Apply","1,41,173",2,36.98,0.00,
"Microsoft.Quantum.Simulation.Core.Operation`2[System.ValueTuple`2[System.__Canon,System.ValueTuple`2[System.__Canon,System.ValueTuple`3[System.Int64,System.Int64,System.__Canon]]],System.__Canon].Apply","1,29,410",2,33.90,0.00,
"Microsoft.Quantum.Simulation.Core.Operation`2[System.ValueTuple`2[System.Int64,System.__Canon],System.__Canon].Microsoft.Quantum.Simulation.Core.ICallable<I,O>.Apply","87,615",2,22.95,0.00,
"Microsoft.Quantum.Simulation.Core.Operation`2[System.ValueTuple`3[System.Int64,System.Int64,System.Int64],System.Int64].Microsoft.Quantum.Simulation.Core.ICallable.Apply","1,094",2,0.29,0.00,
"Microsoft.Quantum.Simulation.Core.PartialCapturedQubits`2+<>c__DisplayClass1_0[System.__Canon,System.ValueTuple`4[System.Int64,System.Int64,System.__Canon,System.__Canon]].<.ctor>b__0",305,2,0.08,0.00,
"Microsoft.Quantum.Simulation.Core.PartialMapper.Create",4,2,0.00,0.00,
"Microsoft.Quantum.Simulation.Core.QArray`1[System.__Canon]..ctor",2,2,0.00,0.00,
"Microsoft.Quantum.Simulation.Core.TypeExtensions.IsFullyDefined",128,2,0.03,0.00,
"Microsoft.Quantum.Simulation.Core.Unitary`1[System.__Canon].Microsoft.Quantum.Simulation.Core.IUnitary.get_Adjoint",2,2,0.00,0.00,
"Microsoft.Quantum.Simulation.Core.Unitary`1[System.ValueTuple`2[System.__Canon,System.ValueTuple`3[System.Int64,System.Int64,System.__Canon]]].Microsoft.Quantum.Simulation.Core.IUnitary<I>.get_Controlled",2,2,0.00,0.00,
"Microsoft.Quantum.Simulation.Core.Unitary`1[System.ValueTuple`4[System.Int64,System.Int64,System.__Canon,System.__Canon]].Microsoft.Quantum.Simulation.Core.IUnitary<I>.get_Controlled",2,2,0.00,0.00,
"Microsoft.Quantum.Simulation.Simulators.QuantumSimulator+QSimR.get_ControlledAdjointBody",33,2,0.01,0.00,
"Microsoft.Quantum.Simulation.Simulators.QuantumSimulator+QubitManagerBase.AllocateOneQubit",711,2,0.19,0.00,
"[clbcatq.dll]",1,1,0.00,0.00,
"[combase.dll]",6,1,0.00,0.00,
"[rpcrt4.dll]",1,1,0.00,0.00,
"[win32u.dll]",1,1,0.00,0.00,
"Microsoft.Quantum.Canon._EnableExtraAssertsForArithmetic.get_Body",2,1,0.00,0.00,
"Microsoft.Quantum.Canon.ApplyLEOperationOnPhaseLEA.<get_AdjointBody>b__11_0","45,393",1,11.89,0.00,
"Microsoft.Quantum.Canon.ApplyLEOperationOnPhaseLEA.get_AdjointBody",2,1,0.00,0.00,
"Microsoft.Quantum.Canon.ApplyLEOperationOnPhaseLEA.get_Body",3,1,0.00,0.00,
"Microsoft.Quantum.Canon.ApplyPhaseLEOperationOnLECA.<get_ControlledBody>b__11_0","70,143",1,18.37,0.00,
"Microsoft.Quantum.Canon.ApplyPhaseLEOperationOnLECA.get_QFTLE",9,1,0.00,0.00,
"Microsoft.Quantum.Canon.ApproximateQFT.get_AdjointBody",3,1,0.00,0.00,
"Microsoft.Quantum.Canon.BitSize.get_Body",2,1,0.00,0.00,
"Microsoft.Quantum.Canon.CopyMostSignificantBitLE.get_AsQubitArray",32,1,0.01,0.00,
"Microsoft.Quantum.Canon.CopyMostSignificantBitLE.get_Tail",20,1,0.01,0.00,
"Microsoft.Quantum.Canon.DiscretePhaseEstimationIteration.<get_Body>b__11_0","1,49,668",1,39.21,0.00,
"Microsoft.Quantum.Canon.DiscretePhaseEstimationIteration.get_MicrosoftQuantumPrimitiveH",3,1,0.00,0.00,
"Microsoft.Quantum.Canon.ExpMod.get_AssertBoolEqual",26,1,0.01,0.00,
"Microsoft.Quantum.Canon.ExpMod.get_Body",3,1,0.00,0.00,
"Microsoft.Quantum.Canon.ExtendedGCD.get_Body",2,1,0.00,0.00,
"Microsoft.Quantum.Canon.Fst`2[System.Int64,System.Int64].get_Body",5,1,0.00,0.00,
"Microsoft.Quantum.Canon.IntegerIncrementPhaseLE.get_Body",2,1,0.00,0.00,
"Microsoft.Quantum.Canon.IntegerIncrementPhaseLE.get_ControlledAdjointBody",3,1,0.00,0.00,
"Microsoft.Quantum.Canon.IntegerIncrementPhaseLE.get_ControlledBody",5,1,0.00,0.00,
"Microsoft.Quantum.Canon.InverseMod.get_AssertBoolEqual",2,1,0.00,0.00,
"Microsoft.Quantum.Canon.InverseMod.get_Body",2,1,0.00,0.00,
"Microsoft.Quantum.Canon.ModularAddProductLE.get_ModularAddProductPhaseLE",6,1,0.00,0.00,
"Microsoft.Quantum.Canon.ModularAddProductPhaseLE.get__EnableExtraAssertsForArithmetic",2,1,0.00,0.00,
"Microsoft.Quantum.Canon.ModularAddProductPhaseLE.get_ControlledBody",1,1,0.00,0.00,
"Microsoft.Quantum.Canon.ModularAddProductPhaseLE.get_ExpMod",19,1,0.00,0.00,
"Microsoft.Quantum.Canon.ModularAddProductPhaseLE.get_ModularIncrementPhaseLE",9,1,0.00,0.00,
"Microsoft.Quantum.Canon.ModularIncrementPhaseLE.get__EnableExtraAssertsForArithmetic",15,1,0.00,0.00,
"Microsoft.Quantum.Canon.ModularIncrementPhaseLE.get_IntegerIncrementPhaseLE",46,1,0.01,0.00,
"Microsoft.Quantum.Canon.QFTLE.get_AdjointBody",3,1,0.00,0.00,
"Microsoft.Quantum.Canon.QFTLE.get_QFT",28,1,0.01,0.00,
"Microsoft.Quantum.Canon.RobustPhaseEstimation.<get_Body>b__25_0","1,49,767",1,39.23,0.00,
"Microsoft.Quantum.Canon.RobustPhaseEstimation.get_MicrosoftQuantumExtensionsConvertToDouble",2,1,0.00,0.00,
"Microsoft.Quantum.Canon.Snd`2[System.Int64,System.Int64].get_Body",5,1,0.00,0.00,
"Microsoft.Quantum.Canon.SwapReverseRegister.get_Body",8,1,0.00,0.00,
"Microsoft.Quantum.Extensions.Math.Native+SignI.get_Body",1,1,0.00,0.00,
"Microsoft.Quantum.Primitive.H.get_AdjointBody",1,1,0.00,0.00,
"Microsoft.Quantum.Primitive.R1Frac.get_Body",1,1,0.00,0.00,
"Microsoft.Quantum.Primitive.Reset.<get_Body>b__9_0",23,1,0.01,0.00,
"Microsoft.Quantum.Primitive.Reset.get_Body",1,1,0.00,0.00,
"Microsoft.Quantum.Primitive.Rz.get_Body",1,1,0.00,0.00,
"Microsoft.Quantum.Primitive.X.get_AdjointBody",1,1,0.00,0.00,
"Microsoft.Quantum.Samples.IntegerFactorization.OrderFindingOracle.<get_ControlledBody>b__17_0","1,49,311",1,39.11,0.00,
"Microsoft.Quantum.Samples.IntegerFactorization.OrderFindingOracle.get_MicrosoftQuantumCanonAssertBoolEqual",3,1,0.00,0.00,
"Microsoft.Quantum.Simulation.Common.QubitManager.AllocateOneQubit",2,1,0.00,0.00,
"Microsoft.Quantum.Simulation.Common.QubitManager.ReleaseOneQubit",1,1,0.00,0.00,
"Microsoft.Quantum.Simulation.Common.QubitManagerTrackingScope.AllocateOneQubit",11,1,0.00,0.00,
"Microsoft.Quantum.Simulation.Core.Adjointable`1[System.ValueTuple`2[System.__Canon,System.__Canon]].Microsoft.Quantum.Simulation.Core.IAdjointable.Partial","1,026",1,0.27,0.00,
"Microsoft.Quantum.Simulation.Core.AdjointedOperation`2[System.__Canon,System.__Canon]..ctor",6,1,0.00,0.00,
"Microsoft.Quantum.Simulation.Core.AdjointedOperation`2[System.ValueTuple`3[System.__Canon,System.__Canon,System.__Canon],System.__Canon]..ctor",7,1,0.00,0.00,
"Microsoft.Quantum.Simulation.Core.AdjointedOperation`2[System.ValueTuple`3[System.Int64,System.Int64,System.__Canon],System.__Canon].get_Body",1,1,0.00,0.00,
"Microsoft.Quantum.Simulation.Core.AdjointedOperation`2[System.ValueTuple`4[Microsoft.Quantum.Simulation.Core.Pauli,System.Int64,System.Int64,System.__Canon],System.__Canon].get_Body",1,1,0.00,0.00,
"Microsoft.Quantum.Simulation.Core.ControlledOperation`2[System.__Canon,System.__Canon].get_AdjointBody",1,1,0.00,0.00,
"Microsoft.Quantum.Simulation.Core.ControlledOperation`2[System.ValueTuple`3[System.Int64,System.Int64,System.__Canon],System.__Canon].<get_ControlledAdjointBody>b__13_0","64,747",1,16.96,0.00,
"Microsoft.Quantum.Simulation.Core.ControlledOperation`2[System.ValueTuple`3[System.Int64,System.Int64,System.__Canon],System.__Canon].get_AdjointBody",1,1,0.00,0.00,
"Microsoft.Quantum.Simulation.Core.GenericAdjoint.CreateOperation",605,1,0.16,0.00,
"Microsoft.Quantum.Simulation.Core.GenericOperation.Microsoft.Quantum.Simulation.Core.ICallable.Apply",1,1,0.00,0.00,
"Microsoft.Quantum.Simulation.Core.GenericOperation.Microsoft.Quantum.Simulation.Core.ICallable.Apply","89,064",1,23.33,0.00,
"Microsoft.Quantum.Simulation.Core.Operation`2[System.__Canon,System.__Canon].<.ctor>b__2_1",3,1,0.00,0.00,
"Microsoft.Quantum.Simulation.Core.Operation`2[System.__Canon,System.Boolean].Microsoft.Quantum.Simulation.Core.ICallable.Apply",27,1,0.01,0.00,
"Microsoft.Quantum.Simulation.Core.Operation`2[System.ValueTuple`2[System.__Canon,System.ValueTuple`2[System.__Canon,System.ValueTuple`3[System.Int64,System.Int64,System.__Canon]]],System.__Canon].Microsoft.Quantum.Simulation.Core.ICallable<I,O>.Apply","1,29,413",1,33.90,0.00,
"Microsoft.Quantum.Simulation.Core.Operation`2[System.ValueTuple`2[System.Int64,System.Int64],System.__Canon].Apply",268,1,0.07,0.00,
"Microsoft.Quantum.Simulation.Core.Operation`2[System.ValueTuple`2[System.Int64,System.Int64],System.__Canon].Microsoft.Quantum.Simulation.Core.ICallable.Apply",273,1,0.07,0.00,
"Microsoft.Quantum.Simulation.Core.Operation`2[System.ValueTuple`2[System.Int64,System.Int64],System.Int64].Apply","2,676",1,0.70,0.00,
"Microsoft.Quantum.Simulation.Core.Operation`2[System.ValueTuple`2[System.Int64,System.Int64],System.ValueTuple`2[System.Int64,System.Int64]].Apply","6,007",1,1.57,0.00,
"Microsoft.Quantum.Simulation.Core.Operation`2[System.ValueTuple`2[System.Int64,System.Int64],System.ValueTuple`2[System.Int64,System.Int64]].Microsoft.Quantum.Simulation.Core.ICallable.Apply","6,011",1,1.57,0.00,
"Microsoft.Quantum.Simulation.Core.Operation`2[System.ValueTuple`3[System.__Canon,System.__Canon,System.__Canon],System.__Canon]..ctor",8,1,0.00,0.00,
"Microsoft.Quantum.Simulation.Core.Operation`2[System.ValueTuple`3[System.__Canon,System.__Canon,System.__Canon],System.__Canon].Apply","87,408",1,22.90,0.00,
"Microsoft.Quantum.Simulation.Core.Operation`2[System.ValueTuple`3[System.Int64,System.Int64,System.__Canon],System.__Canon].Microsoft.Quantum.Simulation.Core.ICallable<I,O>.Apply","5,228",1,1.37,0.00,
"Microsoft.Quantum.Simulation.Core.Operation`2[System.ValueTuple`3[System.Int64,System.Int64,System.Int64],System.Int64].Apply","1,088",1,0.29,0.00,
"Microsoft.Quantum.Simulation.Core.PartialApplication`3[System.__Canon,System.ValueTuple`4[System.Int64,System.Int64,System.__Canon,System.__Canon],System.__Canon]..ctor",6,1,0.00,0.00,
"Microsoft.Quantum.Simulation.Core.PartialApplication`3[System.__Canon,System.ValueTuple`4[System.Int64,System.Int64,System.__Canon,System.__Canon],System.__Canon].<get_ControlledAdjointBody>b__18_0","65,418",1,17.14,0.00,
"Microsoft.Quantum.Simulation.Core.PartialApplication`3[System.__Canon,System.ValueTuple`4[System.Int64,System.Int64,System.__Canon,System.__Canon],System.__Canon].<get_ControlledBody>b__16_0","65,308",1,17.11,0.00,
"Microsoft.Quantum.Simulation.Core.PartialApplication`3[System.__Canon,System.ValueTuple`4[System.Int64,System.Int64,System.__Canon,System.__Canon],System.__Canon].GetQubits",1,1,0.00,0.00,
"Microsoft.Quantum.Simulation.Core.PartialApplication`3[System.ValueTuple`2[System.Int64,System.__Canon],System.ValueTuple`4[System.Int64,System.Int64,System.Int64,System.__Canon],System.__Canon].<get_ControlledBody>b__16_0","1,49,455",1,39.15,0.00,
"Microsoft.Quantum.Simulation.Core.PartialMapper.PopNextArgs",1,1,0.00,0.00,
"Microsoft.Quantum.Simulation.Core.PartialMapper+<>c__DisplayClass8_0`2[System.ValueTuple`2[System.Int64,System.__Canon],System.ValueTuple`4[System.Int64,System.Int64,System.Int64,System.__Canon]].<Create>b__0",149,1,0.04,0.00,
"Microsoft.Quantum.Simulation.Core.PartialMapper+<Combine>d__7.System.Collections.Generic.IEnumerable<System.Object>.GetEnumerator",4,1,0.00,0.00,
"Microsoft.Quantum.Simulation.Core.PartialUnitary`2[System.__Canon,System.ValueTuple`2[System.__Canon,System.__Canon]].Microsoft.Quantum.Simulation.Core.IAdjointable.get_Adjoint",1,1,0.00,0.00,
"Microsoft.Quantum.Simulation.Core.QArray`1[System.__Canon].set_Item",1,1,0.00,0.00,
"Microsoft.Quantum.Simulation.Core.QArray`1[System.Boolean]..ctor",3,1,0.00,0.00,
"Microsoft.Quantum.Simulation.Core.Range..ctor",1,1,0.00,0.00,
"Microsoft.Quantum.Simulation.Core.TypeExtensions.IsMissing",1,1,0.00,0.00,
"Microsoft.Quantum.Simulation.Core.Unitary`1[System.ValueTuple`2[System.__Canon,System.__Canon]].Microsoft.Quantum.Simulation.Core.IUnitary.get_Adjoint",1,1,0.00,0.00,
"Microsoft.Quantum.Simulation.Core.Unitary`1[System.ValueTuple`2[System.__Canon,System.__Canon]].Microsoft.Quantum.Simulation.Core.IUnitary<I>.get_Controlled",1,1,0.00,0.00,
"Microsoft.Quantum.Simulation.Core.Unitary`1[System.ValueTuple`3[System.Int64,System.Int64,System.__Canon]].Microsoft.Quantum.Simulation.Core.IUnitary<I>.get_Adjoint",1,1,0.00,0.00,
"Microsoft.Quantum.Simulation.Simulators.QuantumSimulator+QSimX.get_Body",2,1,0.00,0.00,
"Microsoft.Quantum.Simulation.Simulators.QuantumSimulator+QSimX.get_ControlledBody",24,1,0.01,0.00,
"Microsoft.Quantum.Simulation.Simulators.SimulatorBase+Release.Apply",1,1,0.00,0.00,
"System.ValueTuple`2[System.__Canon,System.ValueTuple`2[System.__Canon,System.__Canon]]..ctor",1,1,0.00,0.00,
"System.ValueTuple`2[System.__Canon,System.ValueTuple`2[System.__Canon,System.ValueTuple`3[System.Int64,System.Int64,System.__Canon]]]..ctor",1,1,0.00,0.00,
"System.ValueTuple`2[System.Double,System.__Canon]..ctor",1,1,0.00,0.00,
"System.ValueTuple`2[System.Int64,System.__Canon]..ctor",2,1,0.00,0.00,
"System.ValueTuple`2[System.Int64,System.Int64]..ctor",1,1,0.00,0.00,
"[advapi32.dll]",1,0,0.00,0.00,
"[bcrypt.dll]",1,0,0.00,0.00,
"[bcryptprimitives.dll]",1,0,0.00,0.00,
"[cryptsp.dll]",1,0,0.00,0.00,
"[dotnet.exe]",140,0,0.04,0.00,
"[gdi32full.dll]",1,0,0.00,0.00,
"[msvcrt.dll]",1,0,0.00,0.00,
"[oleaut32.dll]",1,0,0.00,0.00,
"[user32.dll]",2,0,0.00,0.00,
"dynamicClass.IL_STUB_PInvoke",1,0,0.00,0.00,
"Microsoft.Quantum.Canon._EnableExtraAssertsForArithmetic..ctor",1,0,0.00,0.00,
"Microsoft.Quantum.Canon._EnableExtraAssertsForArithmetic.<get_Body>b__5_0",22,0,0.01,0.00,
"Microsoft.Quantum.Canon.ApplyLEOperationOnPhaseLEA.get_QFTLE",34,0,0.01,0.00,
"Microsoft.Quantum.Canon.ApplyPhaseLEOperationOnLECA..ctor",2,0,0.00,0.00,
"Microsoft.Quantum.Canon.ApplyReversedOpBigEndianCA.get_AdjointBody",1,0,0.00,0.00,
"Microsoft.Quantum.Canon.AsQubitArray..ctor",1,0,0.00,0.00,
"Microsoft.Quantum.Canon.AssertBoolEqual..ctor",1,0,0.00,0.00,
"Microsoft.Quantum.Canon.AssertHighestBit..ctor",2,0,0.00,0.00,
"Microsoft.Quantum.Canon.BitSize.get_AssertBoolEqual",6,0,0.00,0.00,
"Microsoft.Quantum.Canon.BoolArrFromPositiveInt..ctor",2,0,0.00,0.00,
"Microsoft.Quantum.Canon.BoolArrFromPositiveInt.get_AssertBoolEqual",3,0,0.00,0.00,
"Microsoft.Quantum.Canon.BoolFromResult..ctor",1,0,0.00,0.00,
"Microsoft.Quantum.Canon.ContinuedFractionConvergent..ctor",2,0,0.00,0.00,
"Microsoft.Quantum.Canon.ContinuedFractionConvergent.<get_Body>b__15_0",5,0,0.00,0.00,
"Microsoft.Quantum.Canon.DiscretePhaseEstimationIteration..ctor",2,0,0.00,0.00,
"Microsoft.Quantum.Canon.DiscretePhaseEstimationIteration.get_Body",2,0,0.00,0.00,
"Microsoft.Quantum.Canon.DiscretePhaseEstimationIteration.get_MicrosoftQuantumExtensionsConvertToDouble",1,0,0.00,0.00,
"Microsoft.Quantum.Canon.DiscretePhaseEstimationIteration.get_MicrosoftQuantumPrimitiveRz",1,0,0.00,0.00,
"Microsoft.Quantum.Canon.ExpMod..ctor",2,0,0.00,0.00,
"Microsoft.Quantum.Canon.ExpMod.get_BitSize",14,0,0.00,0.00,
"Microsoft.Quantum.Canon.ExpMod.get_BoolArrFromPositiveInt",6,0,0.00,0.00,
"Microsoft.Quantum.Canon.ExtendedGCD..ctor",1,0,0.00,0.00,
"Microsoft.Quantum.Canon.ExtendedGCD.get_MicrosoftQuantumExtensionsMathSignI",10,0,0.00,0.00,
"Microsoft.Quantum.Canon.GCD..ctor",1,0,0.00,0.00,
"Microsoft.Quantum.Canon.GCD.<get_Body>b__7_0",9,0,0.00,0.00,
"Microsoft.Quantum.Canon.InPlaceXorLE..ctor",2,0,0.00,0.00,
"Microsoft.Quantum.Canon.InPlaceXorLE.<get_Body>b__9_0",9,0,0.00,0.00,
"Microsoft.Quantum.Canon.InPlaceXorLE.get_MicrosoftQuantumPrimitiveX",1,0,0.00,0.00,
"Microsoft.Quantum.Canon.InverseMod.<get_Body>b__11_0","1,881",0,0.49,0.00,
"Microsoft.Quantum.Canon.InverseMod.get_ExtendedGCD",2,0,0.00,0.00,
"Microsoft.Quantum.Canon.InverseMod.get_Modulus",3,0,0.00,0.00,
"Microsoft.Quantum.Canon.IsCoprime..ctor",1,0,0.00,0.00,
"Microsoft.Quantum.Canon.IsCoprime.<get_Body>b__7_0","4,226",0,1.11,0.00,
"Microsoft.Quantum.Canon.IsCoprime.get_ExtendedGCD",4,0,0.00,0.00,
"Microsoft.Quantum.Canon.Lg.<get_Body>b__9_0",2,0,0.00,0.00,
"Microsoft.Quantum.Canon.LogOf2.<get_Body>b__5_0",1,0,0.00,0.00,
"Microsoft.Quantum.Canon.MeasureIntegerBE..ctor",1,0,0.00,0.00,
"Microsoft.Quantum.Canon.ModularAddProductLE..ctor",2,0,0.00,0.00,
"Microsoft.Quantum.Canon.ModularAddProductLE.<get_ControlledAdjointBody>b__19_0","71,048",0,18.61,0.00,
"Microsoft.Quantum.Canon.ModularAddProductLE.<get_ControlledBody>b__17_0","70,858",0,18.56,0.00,
"Microsoft.Quantum.Canon.ModularAddProductLE.get_Allocate",1,0,0.00,0.00,
"Microsoft.Quantum.Canon.ModularAddProductLE.get_ApplyPhaseLEOperationOnLECA",4,0,0.00,0.00,
"Microsoft.Quantum.Canon.ModularAddProductLE.get_ControlledAdjointBody",1,0,0.00,0.00,
"Microsoft.Quantum.Canon.ModularAddProductLE.get_Release",1,0,0.00,0.00,
"Microsoft.Quantum.Canon.ModularAddProductPhaseLE.get_AssertBoolEqual",6,0,0.00,0.00,
"Microsoft.Quantum.Canon.ModularIncrementPhaseLE.get_Allocate",6,0,0.00,0.00,
"Microsoft.Quantum.Canon.ModularIncrementPhaseLE.get_AssertBoolEqual",6,0,0.00,0.00,
"Microsoft.Quantum.Canon.ModularIncrementPhaseLE.get_ControlledAdjointBody",2,0,0.00,0.00,
"Microsoft.Quantum.Canon.ModularIncrementPhaseLE.get_ControlledBody",1,0,0.00,0.00,
"Microsoft.Quantum.Canon.ModularIncrementPhaseLE.get_CopyMostSignificantBitLE",10,0,0.00,0.00,
"Microsoft.Quantum.Canon.ModularIncrementPhaseLE.get_MicrosoftQuantumPrimitiveX",7,0,0.00,0.00,
"Microsoft.Quantum.Canon.ModularIncrementPhaseLE.get_Release",17,0,0.00,0.00,
"Microsoft.Quantum.Canon.ModularMultiplyByConstantLE..ctor",2,0,0.00,0.00,
"Microsoft.Quantum.Canon.ModularMultiplyByConstantLE.get_InverseMod",1,0,0.00,0.00,
"Microsoft.Quantum.Canon.ModularMultiplyByConstantLE.get_IsCoprime",2,0,0.00,0.00,
"Microsoft.Quantum.Canon.ModularMultiplyByConstantLE.get_MicrosoftQuantumPrimitiveSWAP",5,0,0.00,0.00,
"Microsoft.Quantum.Canon.ModularMultiplyByConstantLE.get_ModularAddProductLE",3,0,0.00,0.00,
"Microsoft.Quantum.Canon.ModularMultiplyByConstantLE.get_Release",2,0,0.00,0.00,
"Microsoft.Quantum.Canon.Modulus.<get_Body>b__7_0",17,0,0.00,0.00,
"Microsoft.Quantum.Canon.Modulus.get_AssertBoolEqual",2,0,0.00,0.00,
"Microsoft.Quantum.Canon.MResetZ..ctor",3,0,0.00,0.00,
"Microsoft.Quantum.Canon.PositiveIntFromResultArr..ctor",1,0,0.00,0.00,
"Microsoft.Quantum.Canon.QFT.get_AdjointBody",2,0,0.00,0.00,
"Microsoft.Quantum.Canon.QuantumPhaseEstimation..ctor",4,0,0.00,0.00,
"Microsoft.Quantum.Canon.RandomInt.<get_Body>b__13_0",13,0,0.00,0.00,
"Microsoft.Quantum.Canon.RandomIntPow2.<get_Body>b__7_0",5,0,0.00,0.00,
"Microsoft.Quantum.Canon.RealMod..ctor",2,0,0.00,0.00,
"Microsoft.Quantum.Canon.RealMod.<get_Body>b__13_0",7,0,0.00,0.00,
"Microsoft.Quantum.Canon.RealMod.get_MicrosoftQuantumExtensionsMathCos",1,0,0.00,0.00,
"Microsoft.Quantum.Canon.RobustPhaseEstimation..ctor",1,0,0.00,0.00,
"Microsoft.Quantum.Canon.RobustPhaseEstimation.get_DiscretePhaseEstimationIteration",2,0,0.00,0.00,
"Microsoft.Quantum.Canon.RobustPhaseEstimation.get_M",2,0,0.00,0.00,
"Microsoft.Quantum.Canon.RobustPhaseEstimation.get_MicrosoftQuantumExtensionsMathPI",3,0,0.00,0.00,
"Microsoft.Quantum.Canon.RobustPhaseEstimation.get_Reset",3,0,0.00,0.00,
"Microsoft.Quantum.Canon.WithA`1[System.__Canon]..ctor",1,0,0.00,0.00,
"Microsoft.Quantum.Extensions.Convert.Native+ToDouble..ctor",1,0,0.00,0.00,
"Microsoft.Quantum.Extensions.Math.Native+AbsI..ctor",2,0,0.00,0.00,
"Microsoft.Quantum.Extensions.Math.Native+ArcTan2..ctor",1,0,0.00,0.00,
"Microsoft.Quantum.Extensions.Math.Native+Ceiling..ctor",1,0,0.00,0.00,
"Microsoft.Quantum.Extensions.Math.Native+Cos..ctor",1,0,0.00,0.00,
"Microsoft.Quantum.Extensions.Math.Native+MaxI.get_Body",1,0,0.00,0.00,
"Microsoft.Quantum.Extensions.Math.Native+PI..ctor",1,0,0.00,0.00,
"Microsoft.Quantum.Extensions.Math.Native+Sin.get_Body",1,0,0.00,0.00,
"Microsoft.Quantum.Extensions.Math.Native+Sin+<>c..cctor",1,0,0.00,0.00,
"Microsoft.Quantum.Extensions.Testing.AssertAllZeroTol..ctor",2,0,0.00,0.00,
"Microsoft.Quantum.Extensions.Testing.AssertQubitTol..ctor",1,0,0.00,0.00,
"Microsoft.Quantum.Primitive.Reset.get_X",2,0,0.00,0.00,
"Microsoft.Quantum.Primitive.RFrac..ctor",1,0,0.00,0.00,
"Microsoft.Quantum.Primitive.RFrac.get_AdjointBody",3,0,0.00,0.00,
"Microsoft.Quantum.Primitive.Rz..ctor",2,0,0.00,0.00,
"Microsoft.Quantum.Primitive.Rz.<get_Body>b__7_0",58,0,0.02,0.00,
"Microsoft.Quantum.Primitive.Rz.get_R",1,0,0.00,0.00,
"Microsoft.Quantum.Primitive.SWAP.<get_ControlledBody>b__11_0",875,0,0.23,0.00,
"Microsoft.Quantum.Primitive.SWAP.get_Body",7,0,0.00,0.00,
"Microsoft.Quantum.Samples.IntegerFactorization.EstimatePeriod..ctor",1,0,0.00,0.00,
"Microsoft.Quantum.Samples.IntegerFactorization.EstimatePeriod.<get_Body>b__43_0","1,49,829",0,39.25,0.00,
"Microsoft.Quantum.Samples.IntegerFactorization.EstimatePeriod.get_MicrosoftQuantumCanonInPlaceXorLE",1,0,0.00,0.00,
"Microsoft.Quantum.Samples.IntegerFactorization.OrderFindingOracle..ctor",2,0,0.00,0.00,
"Microsoft.Quantum.Samples.IntegerFactorization.OrderFindingOracle.get_MicrosoftQuantumCanonExpMod",1,0,0.00,0.00,
"Microsoft.Quantum.Samples.IntegerFactorization.OrderFindingOracle.get_MicrosoftQuantumCanonIsCoprime",2,0,0.00,0.00,
"Microsoft.Quantum.Samples.IntegerFactorization.OrderFindingOracle.get_MicrosoftQuantumCanonModularMultiplyByConstantLE",1,0,0.00,0.00,
"Microsoft.Quantum.Samples.IntegerFactorization.Program.Main",66,0,0.02,0.00,
"Microsoft.Quantum.Samples.IntegerFactorization.Shor..ctor",3,0,0.00,0.00,
"Microsoft.Quantum.Samples.IntegerFactorization.Shor.<get_Body>b__19_0","1,49,892",0,39.26,0.00,
"Microsoft.Quantum.Samples.IntegerFactorization.Shor.Run",11,0,0.00,0.00,
"Microsoft.Quantum.Simulation.Common.QubitManager.CreateQubitObject",1,0,0.00,0.00,
"Microsoft.Quantum.Simulation.Common.QubitManagerTrackingScope..ctor",1,0,0.00,0.00,
"Microsoft.Quantum.Simulation.Common.QubitManagerTrackingScope.ReleaseOneQubit",21,0,0.01,0.00,
"Microsoft.Quantum.Simulation.Core.ControlledOperation`2[System.__Canon,System.__Canon]..ctor",2,0,0.00,0.00,
"Microsoft.Quantum.Simulation.Core.ControlledOperation`2[System.__Canon,System.__Canon].<get_ControlledBody>b__11_0",479,0,0.13,0.00,
"Microsoft.Quantum.Simulation.Core.ControlledOperation`2[System.__Canon,System.__Canon].get_ControlledBody",1,0,0.00,0.00,
"Microsoft.Quantum.Simulation.Core.ControlledOperation`2[System.ValueTuple`2[System.__Canon,System.__Canon],System.__Canon]..ctor",3,0,0.00,0.00,
"Microsoft.Quantum.Simulation.Core.ControlledOperation`2[System.ValueTuple`2[System.__Canon,System.ValueTuple`3[System.Int64,System.Int64,System.__Canon]],System.__Canon]..ctor",3,0,0.00,0.00,
"Microsoft.Quantum.Simulation.Core.ControlledOperation`2[System.ValueTuple`2[System.Int64,System.__Canon],System.__Canon]..ctor",2,0,0.00,0.00,
"Microsoft.Quantum.Simulation.Core.ControlledOperation`2[System.ValueTuple`3[Microsoft.Quantum.Simulation.Core.Pauli,System.Double,System.__Canon],System.__Canon]..ctor",2,0,0.00,0.00,
"Microsoft.Quantum.Simulation.Core.ControlledOperation`2[System.ValueTuple`3[System.Int64,System.Int64,System.__Canon],System.__Canon]..ctor",3,0,0.00,0.00,
"Microsoft.Quantum.Simulation.Core.ControlledOperation`2[System.ValueTuple`3[System.Int64,System.Int64,System.__Canon],System.__Canon].<get_ControlledBody>b__11_0","64,655",0,16.94,0.00,
"Microsoft.Quantum.Simulation.Core.ControlledOperation`2[System.ValueTuple`3[System.Int64,System.Int64,System.__Canon],System.__Canon].get_ControlledBody",2,0,0.00,0.00,
"Microsoft.Quantum.Simulation.Core.ControlledOperation`2[System.ValueTuple`4[Microsoft.Quantum.Simulation.Core.Pauli,System.Int64,System.Int64,System.__Canon],System.__Canon]..ctor",2,0,0.00,0.00,
"Microsoft.Quantum.Simulation.Core.ControlledOperation`2[System.ValueTuple`4[System.Int64,System.Int64,System.__Canon,System.__Canon],System.__Canon]..ctor",2,0,0.00,0.00,
"Microsoft.Quantum.Simulation.Core.GenericOperation..ctor",7,0,0.00,0.00,
"Microsoft.Quantum.Simulation.Core.GenericOperation.<.ctor>b__3_0",9,0,0.00,0.00,
"Microsoft.Quantum.Simulation.Core.Operation`2[System.__Canon,Microsoft.Quantum.Simulation.Core.Result].Apply",1,0,0.00,0.00,
"Microsoft.Quantum.Simulation.Core.Operation`2[System.__Canon,System.Boolean].Apply",2,0,0.00,0.00,
"Microsoft.Quantum.Simulation.Core.Operation`2[System.__Canon,System.Double]..ctor",1,0,0.00,0.00,
"Microsoft.Quantum.Simulation.Core.Operation`2[System.__Canon,System.Int64]..ctor",1,0,0.00,0.00,
"Microsoft.Quantum.Simulation.Core.Operation`2[System.__Canon,System.Int64].Apply",2,0,0.00,0.00,
"Microsoft.Quantum.Simulation.Core.Operation`2[System.__Canon,System.Int64].Microsoft.Quantum.Simulation.Core.ICallable.Apply",2,0,0.00,0.00,
"Microsoft.Quantum.Simulation.Core.Operation`2[System.Double,System.Double].Apply",1,0,0.00,0.00,
"Microsoft.Quantum.Simulation.Core.Operation`2[System.Double,System.Double].Microsoft.Quantum.Simulation.Core.ICallable.Apply",4,0,0.00,0.00,
"Microsoft.Quantum.Simulation.Core.Operation`2[System.Double,System.Int64].Apply",2,0,0.00,0.00,
"Microsoft.Quantum.Simulation.Core.Operation`2[System.Double,System.Int64].Microsoft.Quantum.Simulation.Core.ICallable.Apply",3,0,0.00,0.00,
"Microsoft.Quantum.Simulation.Core.Operation`2[System.Int64,System.Int64].Apply",4,0,0.00,0.00,
"Microsoft.Quantum.Simulation.Core.Operation`2[System.ValueTuple`2[System.__Canon,System.__Canon],System.__Canon]..ctor",1,0,0.00,0.00,
"Microsoft.Quantum.Simulation.Core.Operation`2[System.ValueTuple`2[System.__Canon,System.__Canon],System.__Canon].<.ctor>b__2_0",1,0,0.00,0.00,
"Microsoft.Quantum.Simulation.Core.Operation`2[System.ValueTuple`2[System.__Canon,System.__Canon],System.__Canon].<.ctor>b__2_1",4,0,0.00,0.00,
"Microsoft.Quantum.Simulation.Core.Operation`2[System.ValueTuple`2[System.__Canon,System.__Canon],System.__Canon].Microsoft.Quantum.Simulation.Core.ICallable.Apply","1,30,732",0,34.25,0.00,
"Microsoft.Quantum.Simulation.Core.Operation`2[System.ValueTuple`2[System.__Canon,System.ValueTuple`2[System.__Canon,System.__Canon]],System.__Canon]..ctor",1,0,0.00,0.00,
"Microsoft.Quantum.Simulation.Core.Operation`2[System.ValueTuple`2[System.__Canon,System.ValueTuple`2[System.__Canon,System.__Canon]],System.__Canon].Microsoft.Quantum.Simulation.Core.ICallable<I,O>.Apply","1,41,173",0,36.98,0.00,
"Microsoft.Quantum.Simulation.Core.Operation`2[System.ValueTuple`2[System.__Canon,System.ValueTuple`2[System.__Canon,System.ValueTuple`3[System.Int64,System.Int64,System.__Canon]]],System.__Canon]..ctor",1,0,0.00,0.00,
"Microsoft.Quantum.Simulation.Core.Operation`2[System.ValueTuple`2[System.__Canon,System.ValueTuple`2[System.Int64,System.__Canon]],System.__Canon].<.ctor>b__2_0",1,0,0.00,0.00,
"Microsoft.Quantum.Simulation.Core.Operation`2[System.ValueTuple`2[System.__Canon,System.ValueTuple`2[System.Int64,System.__Canon]],System.__Canon].Microsoft.Quantum.Simulation.Core.ICallable.Apply","1,49,460",0,39.15,0.00,
"Microsoft.Quantum.Simulation.Core.Operation`2[System.ValueTuple`2[System.__Canon,System.ValueTuple`3[System.Int64,System.Int64,System.__Canon]],System.__Canon]..ctor",2,0,0.00,0.00,
"Microsoft.Quantum.Simulation.Core.Operation`2[System.ValueTuple`2[System.__Canon,System.ValueTuple`3[System.Int64,System.Int64,System.__Canon]],System.__Canon].<.ctor>b__2_1",3,0,0.00,0.00,
"Microsoft.Quantum.Simulation.Core.Operation`2[System.ValueTuple`2[System.__Canon,System.ValueTuple`4[System.Int64,System.Int64,System.__Canon,System.__Canon]],System.__Canon].Apply","1,41,911",0,37.17,0.00,
"Microsoft.Quantum.Simulation.Core.Operation`2[System.ValueTuple`2[System.__Canon,System.ValueTuple`4[System.Int64,System.Int64,System.__Canon,System.__Canon]],System.__Canon].Microsoft.Quantum.Simulation.Core.ICallable<I,O>.Apply","1,41,911",0,37.17,0.00,
"Microsoft.Quantum.Simulation.Core.Operation`2[System.ValueTuple`2[System.Double,System.__Canon],System.__Canon].Apply",60,0,0.02,0.00,
"Microsoft.Quantum.Simulation.Core.Operation`2[System.ValueTuple`2[System.Double,System.__Canon],System.__Canon].Microsoft.Quantum.Simulation.Core.ICallable<I,O>.Apply",60,0,0.02,0.00,
"Microsoft.Quantum.Simulation.Core.Operation`2[System.ValueTuple`2[System.Double,System.Double],System.Double].Apply",1,0,0.00,0.00,
"Microsoft.Quantum.Simulation.Core.Operation`2[System.ValueTuple`2[System.Double,System.Double],System.Double].Microsoft.Quantum.Simulation.Core.ICallable.Apply",1,0,0.00,0.00,
"Microsoft.Quantum.Simulation.Core.Operation`2[System.ValueTuple`2[System.Int64,System.__Canon],System.__Canon].<.ctor>b__2_1",3,0,0.00,0.00,
"Microsoft.Quantum.Simulation.Core.Operation`2[System.ValueTuple`2[System.Int64,System.Boolean],System.ValueTuple`2[System.Int64,System.Int64]].Apply","1,49,894",0,39.27,0.00,
"Microsoft.Quantum.Simulation.Core.Operation`2[System.ValueTuple`2[System.Int64,System.Boolean],System.ValueTuple`2[System.Int64,System.Int64]].Microsoft.Quantum.Simulation.Core.ICallable.Apply","1,49,897",0,39.27,0.00,
"Microsoft.Quantum.Simulation.Core.Operation`2[System.ValueTuple`2[System.Int64,System.Int64],System.Boolean].Apply","4,227",0,1.11,0.00,
"Microsoft.Quantum.Simulation.Core.Operation`2[System.ValueTuple`2[System.Int64,System.Int64],System.Boolean].Microsoft.Quantum.Simulation.Core.ICallable.Apply","4,228",0,1.11,0.00,
"Microsoft.Quantum.Simulation.Core.Operation`2[System.ValueTuple`2[System.ValueTuple`2[System.Int64,System.Int64],System.Int64],System.ValueTuple`2[System.Int64,System.Int64]].Apply",8,0,0.00,0.00,
"Microsoft.Quantum.Simulation.Core.Operation`2[System.ValueTuple`2[System.ValueTuple`2[System.Int64,System.Int64],System.Int64],System.ValueTuple`2[System.Int64,System.Int64]].Microsoft.Quantum.Simulation.Core.ICallable.Apply",9,0,0.00,0.00,
"Microsoft.Quantum.Simulation.Core.Operation`2[System.ValueTuple`3[Microsoft.Quantum.Simulation.Core.Pauli,System.Double,System.__Canon],System.__Canon]..ctor",1,0,0.00,0.00,
"Microsoft.Quantum.Simulation.Core.Operation`2[System.ValueTuple`3[Microsoft.Quantum.Simulation.Core.Pauli,System.Double,System.__Canon],System.__Canon].<.ctor>b__2_0",1,0,0.00,0.00,
"Microsoft.Quantum.Simulation.Core.Operation`2[System.ValueTuple`3[Microsoft.Quantum.Simulation.Core.Pauli,System.Double,System.__Canon],System.__Canon].<.ctor>b__2_1",2,0,0.00,0.00,
"Microsoft.Quantum.Simulation.Core.Operation`2[System.ValueTuple`3[System.Double,System.Double,System.Double],System.Double].Apply",8,0,0.00,0.00,
"Microsoft.Quantum.Simulation.Core.Operation`2[System.ValueTuple`3[System.Double,System.Double,System.Double],System.Double].Microsoft.Quantum.Simulation.Core.ICallable.Apply",9,0,0.00,0.00,
"Microsoft.Quantum.Simulation.Core.Operation`2[System.ValueTuple`3[System.Int64,System.__Canon,System.__Canon],System.Double].Apply","1,49,770",0,39.23,0.00,
"Microsoft.Quantum.Simulation.Core.Operation`2[System.ValueTuple`3[System.Int64,System.__Canon,System.__Canon],System.Double].Microsoft.Quantum.Simulation.Core.ICallable.Apply","1,49,770",0,39.23,0.00,
"Microsoft.Quantum.Simulation.Core.Operation`2[System.ValueTuple`3[System.Int64,System.Int64,System.__Canon],System.__Canon].<.ctor>b__2_1",4,0,0.00,0.00,
"Microsoft.Quantum.Simulation.Core.Operation`2[System.ValueTuple`3[System.Int64,System.Int64,System.Boolean],System.Int64].Apply","1,49,832",0,39.25,0.00,
"Microsoft.Quantum.Simulation.Core.Operation`2[System.ValueTuple`3[System.Int64,System.Int64,System.Boolean],System.Int64].Microsoft.Quantum.Simulation.Core.ICallable.Apply","1,49,832",0,39.25,0.00,
"Microsoft.Quantum.Simulation.Core.Operation`2[System.ValueTuple`4[Microsoft.Quantum.Simulation.Core.Pauli,System.Int64,System.Int64,System.__Canon],System.__Canon].<.ctor>b__2_1",3,0,0.00,0.00,
"Microsoft.Quantum.Simulation.Core.Operation`2[System.ValueTuple`4[System.__Canon,System.__Canon,Microsoft.Quantum.Simulation.Core.Result,System.__Canon],System.__Canon]..ctor",1,0,0.00,0.00,
"Microsoft.Quantum.Simulation.Core.Operation`2[System.ValueTuple`4[System.Int64,System.Int64,System.__Canon,System.__Canon],System.__Canon].<.ctor>b__2_1",2,0,0.00,0.00,
"Microsoft.Quantum.Simulation.Core.Operation`2[System.ValueTuple`4[System.Int64,System.Int64,System.__Canon,System.__Canon],System.__Canon].Partial",179,0,0.05,0.00,
"Microsoft.Quantum.Simulation.Core.Operation`2[System.ValueTuple`4[System.Int64,System.Int64,System.Int64,System.__Canon],System.__Canon].FindPartialType",2,0,0.00,0.00,
"Microsoft.Quantum.Simulation.Core.Operation`2[System.ValueTuple`4[System.Int64,System.Int64,System.Int64,System.__Canon],System.__Canon].Partial",6,0,0.00,0.00,
"Microsoft.Quantum.Simulation.Core.Operation`2[System.ValueTuple`5[System.__Canon,System.Int64,System.Double,System.__Canon,System.__Canon],System.__Canon].Apply","1,49,671",0,39.21,0.00,
"Microsoft.Quantum.Simulation.Core.Operation`2[System.ValueTuple`5[System.__Canon,System.Int64,System.Double,System.__Canon,System.__Canon],System.__Canon].Microsoft.Quantum.Simulation.Core.ICallable<I,O>.Apply","1,49,671",0,39.21,0.00,
"Microsoft.Quantum.Simulation.Core.Operation`2+<>c[System.ValueTuple`4[System.Int64,System.Int64,System.Int64,System.__Canon],System.__Canon]..cctor",1,0,0.00,0.00,
"Microsoft.Quantum.Simulation.Core.PartialApplication`3[System.ValueTuple`2[System.Int64,System.__Canon],System.ValueTuple`4[System.Int64,System.Int64,System.Int64,System.__Canon],System.__Canon]..ctor",1,0,0.00,0.00,
"Microsoft.Quantum.Simulation.Core.PartialCapturedQubits`2[System.__Canon,System.ValueTuple`4[System.Int64,System.Int64,System.__Canon,System.__Canon]]..ctor",1,0,0.00,0.00,
"Microsoft.Quantum.Simulation.Core.PartialCapturedQubits`2+<>c__DisplayClass1_0[System.ValueTuple`2[System.Int64,System.__Canon],System.ValueTuple`4[System.Int64,System.Int64,System.Int64,System.__Canon]].<.ctor>b__0",8,0,0.00,0.00,
"Microsoft.Quantum.Simulation.Core.Unitary`1[System.ValueTuple`4[System.Int64,System.Int64,System.__Canon,System.__Canon]].Microsoft.Quantum.Simulation.Core.IUnitary.Partial",293,0,0.08,0.00,
"Microsoft.Quantum.Simulation.Core.Unitary`1[System.ValueTuple`4[System.Int64,System.Int64,System.Int64,System.__Canon]].Microsoft.Quantum.Simulation.Core.IUnitary.Partial",10,0,0.00,0.00,
"Microsoft.Quantum.Simulation.Simulators.Extensions.InitBuiltinOperations",23,0,0.01,0.00,
"Microsoft.Quantum.Simulation.Simulators.Extensions+<>c__1`1[System.__Canon]..cctor",1,0,0.00,0.00,
"Microsoft.Quantum.Simulation.Simulators.QuantumSimulator..ctor",39,0,0.01,0.00,
"Microsoft.Quantum.Simulation.Simulators.QuantumSimulator+QSimAssert..ctor",2,0,0.00,0.00,
"Microsoft.Quantum.Simulation.Simulators.QuantumSimulator+QSimAssertProb..ctor",4,0,0.00,0.00,
"Microsoft.Quantum.Simulation.Simulators.QuantumSimulator+QSimM.get_Body",1,0,0.00,0.00,
"Microsoft.Quantum.Simulation.Simulators.QuantumSimulator+QSimM+<>c.<get_Body>b__6_0",34,0,0.01,0.00,
"Microsoft.Quantum.Simulation.Simulators.QuantumSimulator+QSimR..ctor",3,0,0.00,0.00,
"Microsoft.Quantum.Simulation.Simulators.QuantumSimulator+QSimR.get_AdjointBody",3,0,0.00,0.00,
"Microsoft.Quantum.Simulation.Simulators.QuantumSimulator+QSimrandom.get_Body",2,0,0.00,0.00,
"Microsoft.Quantum.Simulation.Simulators.QuantumSimulator+QSimrandom+<>c..cctor",1,0,0.00,0.00,
"Microsoft.Quantum.Simulation.Simulators.QuantumSimulator+QSimX..ctor",1,0,0.00,0.00,
"Microsoft.Quantum.Simulation.Simulators.QuantumSimulator+QubitManagerBase.ReleaseOneQubit","1,131",0,0.30,0.00,
"Microsoft.Quantum.Simulation.Simulators.SimulatorBase..ctor",29,0,0.01,0.00,
"Microsoft.Quantum.Simulation.Simulators.SimulatorBase.Validate",124,0,0.03,0.00,
"Microsoft.Quantum.Simulation.Simulators.SimulatorBase+<>c..cctor",1,0,0.00,0.00,
"Microsoft.Quantum.Simulation.Simulators.SimulatorBase+<>c__DisplayClass18_0`3[System.__Canon,System.ValueTuple`2[System.Int64,System.Boolean],System.ValueTuple`2[System.Int64,System.Int64]].<Run>b__0",133,0,0.03,0.00,
"Microsoft.Quantum.Simulation.Simulators.SimulatorBase+Message..ctor",1,0,0.00,0.00,
"Microsoft.Quantum.Simulation.Simulators.SimulatorBase+Message.<get_Body>b__3_0",1,0,0.00,0.00,
"System.Threading.Tasks.Task.Run",9,0,0.00,0.00,
"System.Threading.Tasks.Task`1[System.ValueTuple`2[System.Int64,System.Int64]].GetResultCore",2,0,0.00,0.00,
"System.Threading.Tasks.Task`1[System.ValueTuple`2[System.Int64,System.Int64]].InnerInvoke","1,50,031",0,39.30,0.00,
"System.Threading.Tasks.Task`1[System.ValueTuple`2[System.Int64,System.Int64]].StartNew",9,0,0.00,0.00,
"System.ValueTuple`2[System.__Canon,System.ValueTuple`2[System.Int64,System.__Canon]]..ctor",2,0,0.00,0.00,
"System.ValueTuple`4[System.Int64,System.Int64,System.__Canon,System.__Canon]..ctor",2,0,0.00,0.00,
